Image_Metadata_Plate,Image_Metadata_Well,Image_Metadata_Site,Image_Metadata_isSaturated,Image_Metadata_isBlurry
24666,a01,1,0,0
24666,a01,2,0,0
24666,a01,3,0,0
24666,a01,4,0,0
24666,a01,5,0,0
24666,a01,6,0,0
24666,a02,1,0,0
24666,a02,2,0,0
24666,a02,3,0,0
24666,a02,4,0,0
24666,a02,5,0,0
24666,a02,6,0,0
24666,a03,1,0,0
24666,a03,2,0,0
24666,a03,3,0,0
24666,a03,4,0,0
24666,a03,5,0,0
24666,a03,6,0,0
24666,a04,1,0,0
24666,a04,2,0,0
24666,a04,3,0,0
24666,a04,4,0,0
24666,a04,5,0,0
24666,a04,6,0,0
24666,a05,1,0,0
24666,a05,2,0,0
24666,a05,3,0,0
24666,a05,4,0,0
24666,a05,5,0,0
24666,a05,6,0,0
24666,a06,1,0,0
24666,a06,2,0,0
24666,a06,3,0,0
24666,a06,4,0,0
24666,a06,5,0,0
24666,a06,6,0,0
24666,a07,1,0,0
24666,a07,2,0,0
24666,a07,3,0,0
24666,a07,4,0,0
24666,a07,5,0,0
24666,a07,6,0,0
24666,a08,1,0,0
24666,a08,2,0,0
24666,a08,3,0,0
24666,a08,4,0,0
24666,a08,5,0,0
24666,a08,6,0,0
24666,a09,1,0,0
24666,a09,2,0,0
24666,a09,3,0,0
24666,a09,4,0,0
24666,a09,5,0,0
24666,a09,6,0,0
24666,a10,1,0,0
24666,a10,2,0,0
24666,a10,3,0,0
24666,a10,4,0,0
24666,a10,5,0,0
24666,a10,6,0,0
24666,a11,1,0,0
24666,a11,2,0,0
24666,a11,3,0,0
24666,a11,4,0,0
24666,a11,5,0,0
24666,a11,6,0,0
24666,a12,1,0,0
24666,a12,2,1,0
24666,a12,3,0,0
24666,a12,4,0,0
24666,a12,5,1,0
24666,a12,6,0,0
24666,a13,1,0,0
24666,a13,2,0,0
24666,a13,3,0,0
24666,a13,4,0,0
24666,a13,5,0,0
24666,a13,6,0,0
24666,a14,1,0,0
24666,a14,2,0,0
24666,a14,3,0,0
24666,a14,4,0,0
24666,a14,5,0,0
24666,a14,6,0,0
24666,a15,1,0,0
24666,a15,2,0,0
24666,a15,3,0,0
24666,a15,4,0,0
24666,a15,5,0,0
24666,a15,6,0,0
24666,a16,1,0,0
24666,a16,2,0,0
24666,a16,3,0,0
24666,a16,4,0,0
24666,a16,5,0,0
24666,a16,6,0,0
24666,a17,1,0,0
24666,a17,2,0,0
24666,a17,3,0,0
24666,a17,4,0,0
24666,a17,5,0,0
24666,a17,6,0,0
24666,a18,1,0,0
24666,a18,2,0,0
24666,a18,3,0,0
24666,a18,4,0,0
24666,a18,5,0,0
24666,a18,6,0,0
24666,a19,1,0,0
24666,a19,2,0,0
24666,a19,3,0,0
24666,a19,4,0,0
24666,a19,5,0,0
24666,a19,6,0,0
24666,a20,1,0,0
24666,a20,2,0,0
24666,a20,3,0,0
24666,a20,4,0,0
24666,a20,5,0,0
24666,a20,6,0,0
24666,a21,1,0,0
24666,a21,2,0,0
24666,a21,3,0,0
24666,a21,4,0,0
24666,a21,5,0,0
24666,a21,6,0,0
24666,a22,1,0,0
24666,a22,2,0,0
24666,a22,3,0,0
24666,a22,4,0,0
24666,a22,5,0,0
24666,a22,6,0,0
24666,a23,1,0,0
24666,a23,2,0,0
24666,a23,3,0,0
24666,a23,4,0,0
24666,a23,5,0,0
24666,a23,6,0,0
24666,a24,1,0,0
24666,a24,2,0,0
24666,a24,3,0,0
24666,a24,4,0,0
24666,a24,5,0,0
24666,a24,6,0,0
24666,b01,1,0,0
24666,b01,2,0,0
24666,b01,3,0,0
24666,b01,4,0,0
24666,b01,5,0,0
24666,b01,6,0,0
24666,b02,1,0,0
24666,b02,2,0,0
24666,b02,3,0,0
24666,b02,4,0,0
24666,b02,5,0,0
24666,b02,6,0,0
24666,b03,1,0,0
24666,b03,2,0,0
24666,b03,3,0,0
24666,b03,4,0,0
24666,b03,5,0,0
24666,b03,6,0,0
24666,b04,1,0,0
24666,b04,2,0,0
24666,b04,3,0,0
24666,b04,4,0,0
24666,b04,5,0,0
24666,b04,6,0,0
24666,b05,1,0,0
24666,b05,2,0,0
24666,b05,3,0,0
24666,b05,4,0,0
24666,b05,5,0,0
24666,b05,6,0,0
24666,b06,1,0,0
24666,b06,2,0,0
24666,b06,3,0,0
24666,b06,4,0,0
24666,b06,5,0,0
24666,b06,6,0,0
24666,b07,1,0,0
24666,b07,2,0,0
24666,b07,3,0,0
24666,b07,4,0,0
24666,b07,5,0,0
24666,b07,6,0,0
24666,b08,1,0,0
24666,b08,2,0,0
24666,b08,3,0,0
24666,b08,4,0,0
24666,b08,5,0,0
24666,b08,6,0,0
24666,b09,1,0,0
24666,b09,2,0,0
24666,b09,3,0,0
24666,b09,4,0,0
24666,b09,5,0,0
24666,b09,6,0,0
24666,b10,1,0,0
24666,b10,2,0,0
24666,b10,3,0,0
24666,b10,4,0,0
24666,b10,5,0,0
24666,b10,6,0,0
24666,b11,1,0,0
24666,b11,2,0,0
24666,b11,3,0,0
24666,b11,4,0,0
24666,b11,5,0,0
24666,b11,6,0,0
24666,b12,1,0,0
24666,b12,2,0,0
24666,b12,3,0,0
24666,b12,4,0,0
24666,b12,5,0,0
24666,b12,6,0,0
24666,b13,1,0,0
24666,b13,2,0,0
24666,b13,3,0,0
24666,b13,4,0,0
24666,b13,5,0,0
24666,b13,6,0,0
24666,b14,1,0,0
24666,b14,2,0,0
24666,b14,3,0,0
24666,b14,4,0,0
24666,b14,5,0,0
24666,b14,6,0,0
24666,b15,1,0,0
24666,b15,2,0,0
24666,b15,3,0,0
24666,b15,4,0,0
24666,b15,5,0,0
24666,b15,6,0,0
24666,b16,1,0,0
24666,b16,2,0,0
24666,b16,3,0,0
24666,b16,4,0,0
24666,b16,5,0,0
24666,b16,6,0,0
24666,b17,1,0,0
24666,b17,2,0,0
24666,b17,3,0,0
24666,b17,4,0,0
24666,b17,5,0,0
24666,b17,6,0,0
24666,b18,1,0,0
24666,b18,2,0,0
24666,b18,3,0,0
24666,b18,4,0,0
24666,b18,5,0,0
24666,b18,6,0,0
24666,b19,1,0,0
24666,b19,2,0,0
24666,b19,3,0,0
24666,b19,4,0,0
24666,b19,5,0,0
24666,b19,6,0,0
24666,b20,1,0,0
24666,b20,2,0,0
24666,b20,3,0,0
24666,b20,4,0,0
24666,b20,5,0,0
24666,b20,6,0,0
24666,b21,1,0,0
24666,b21,2,0,0
24666,b21,3,0,0
24666,b21,4,0,0
24666,b21,5,0,0
24666,b21,6,0,0
24666,b22,1,0,0
24666,b22,2,0,0
24666,b22,3,0,0
24666,b22,4,0,0
24666,b22,5,0,0
24666,b22,6,0,0
24666,b23,1,0,0
24666,b23,2,0,0
24666,b23,3,0,0
24666,b23,4,0,0
24666,b23,5,0,0
24666,b23,6,0,0
24666,b24,1,0,0
24666,b24,2,0,0
24666,b24,3,0,0
24666,b24,4,0,0
24666,b24,5,0,0
24666,b24,6,0,0
24666,c01,1,0,0
24666,c01,2,0,0
24666,c01,3,0,0
24666,c01,4,0,0
24666,c01,5,0,0
24666,c01,6,0,0
24666,c02,1,0,0
24666,c02,2,0,0
24666,c02,3,0,0
24666,c02,4,0,0
24666,c02,5,0,0
24666,c02,6,0,0
24666,c03,1,0,0
24666,c03,2,0,0
24666,c03,3,0,0
24666,c03,4,0,0
24666,c03,5,0,0
24666,c03,6,0,0
24666,c04,1,0,0
24666,c04,2,0,0
24666,c04,3,0,0
24666,c04,4,0,0
24666,c04,5,0,0
24666,c04,6,0,0
24666,c05,1,0,0
24666,c05,2,0,0
24666,c05,3,0,0
24666,c05,4,0,0
24666,c05,5,0,0
24666,c05,6,0,0
24666,c06,1,0,0
24666,c06,2,0,0
24666,c06,3,0,0
24666,c06,4,0,0
24666,c06,5,0,0
24666,c06,6,0,0
24666,c07,1,0,0
24666,c07,2,0,0
24666,c07,3,0,0
24666,c07,4,0,0
24666,c07,5,0,0
24666,c07,6,0,0
24666,c08,1,0,0
24666,c08,2,0,0
24666,c08,3,0,0
24666,c08,4,0,0
24666,c08,5,0,0
24666,c08,6,0,0
24666,c09,1,0,0
24666,c09,2,0,0
24666,c09,3,0,0
24666,c09,4,0,0
24666,c09,5,0,0
24666,c09,6,0,0
24666,c10,1,0,0
24666,c10,2,0,0
24666,c10,3,0,0
24666,c10,4,0,0
24666,c10,5,0,0
24666,c10,6,0,0
24666,c11,1,0,0
24666,c11,2,0,0
24666,c11,3,0,0
24666,c11,4,0,0
24666,c11,5,0,0
24666,c11,6,0,0
24666,c12,1,0,0
24666,c12,2,0,0
24666,c12,3,0,0
24666,c12,4,0,0
24666,c12,5,0,0
24666,c12,6,0,0
24666,c13,1,0,0
24666,c13,2,0,0
24666,c13,3,0,0
24666,c13,4,0,0
24666,c13,5,0,0
24666,c13,6,0,0
24666,c14,1,0,0
24666,c14,2,0,0
24666,c14,3,0,0
24666,c14,4,0,0
24666,c14,5,0,0
24666,c14,6,0,0
24666,c15,1,0,0
24666,c15,2,0,0
24666,c15,3,0,0
24666,c15,4,0,0
24666,c15,5,0,0
24666,c15,6,0,0
24666,c16,1,0,0
24666,c16,2,0,0
24666,c16,3,0,0
24666,c16,4,0,0
24666,c16,5,0,0
24666,c16,6,0,0
24666,c17,1,0,0
24666,c17,2,0,0
24666,c17,3,0,0
24666,c17,4,0,0
24666,c17,5,0,0
24666,c17,6,0,0
24666,c18,1,0,0
24666,c18,2,0,0
24666,c18,3,0,0
24666,c18,4,0,0
24666,c18,5,0,0
24666,c18,6,0,0
24666,c19,1,0,0
24666,c19,2,0,0
24666,c19,3,0,0
24666,c19,4,0,0
24666,c19,5,0,0
24666,c19,6,0,0
24666,c20,1,0,0
24666,c20,2,0,0
24666,c20,3,0,0
24666,c20,4,0,0
24666,c20,5,0,0
24666,c20,6,0,0
24666,c21,1,0,0
24666,c21,2,0,0
24666,c21,3,0,0
24666,c21,4,0,0
24666,c21,5,0,0
24666,c21,6,0,0
24666,c22,1,0,0
24666,c22,2,0,0
24666,c22,3,0,0
24666,c22,4,0,0
24666,c22,5,0,0
24666,c22,6,0,0
24666,c23,1,0,0
24666,c23,2,0,0
24666,c23,3,0,0
24666,c23,4,0,0
24666,c23,5,0,0
24666,c23,6,0,0
24666,c24,1,0,0
24666,c24,2,0,0
24666,c24,3,0,0
24666,c24,4,0,0
24666,c24,5,0,0
24666,c24,6,0,0
24666,d01,1,0,0
24666,d01,2,0,0
24666,d01,3,0,0
24666,d01,4,0,0
24666,d01,5,0,0
24666,d01,6,0,0
24666,d02,1,0,0
24666,d02,2,0,0
24666,d02,3,0,0
24666,d02,4,0,0
24666,d02,5,0,0
24666,d02,6,0,0
24666,d03,1,0,0
24666,d03,2,0,0
24666,d03,3,0,0
24666,d03,4,0,0
24666,d03,5,0,0
24666,d03,6,0,0
24666,d04,1,0,0
24666,d04,2,0,0
24666,d04,3,0,0
24666,d04,4,0,0
24666,d04,5,0,0
24666,d04,6,0,0
24666,d05,1,0,0
24666,d05,2,0,0
24666,d05,3,0,0
24666,d05,4,0,0
24666,d05,5,0,0
24666,d05,6,0,0
24666,d06,1,0,0
24666,d06,2,0,0
24666,d06,3,0,0
24666,d06,4,0,0
24666,d06,5,0,0
24666,d06,6,0,0
24666,d07,1,0,0
24666,d07,2,0,0
24666,d07,3,0,0
24666,d07,4,0,0
24666,d07,5,0,0
24666,d07,6,0,0
24666,d08,1,0,0
24666,d08,2,0,0
24666,d08,3,0,0
24666,d08,4,0,0
24666,d08,5,0,0
24666,d08,6,0,0
24666,d09,1,0,0
24666,d09,2,0,0
24666,d09,3,0,0
24666,d09,4,0,0
24666,d09,5,0,0
24666,d09,6,0,0
24666,d10,1,0,0
24666,d10,2,0,0
24666,d10,3,0,0
24666,d10,4,0,0
24666,d10,5,0,0
24666,d10,6,0,0
24666,d11,1,0,0
24666,d11,2,0,0
24666,d11,3,0,0
24666,d11,4,0,0
24666,d11,5,0,0
24666,d11,6,0,0
24666,d12,1,0,0
24666,d12,2,0,0
24666,d12,3,0,0
24666,d12,4,0,0
24666,d12,5,0,0
24666,d12,6,0,0
24666,d13,1,0,0
24666,d13,2,0,0
24666,d13,3,0,0
24666,d13,4,0,0
24666,d13,5,0,0
24666,d13,6,0,0
24666,d14,1,0,0
24666,d14,2,0,0
24666,d14,3,0,0
24666,d14,4,0,0
24666,d14,5,0,0
24666,d14,6,0,0
24666,d15,1,0,0
24666,d15,2,0,0
24666,d15,3,0,0
24666,d15,4,0,0
24666,d15,5,0,0
24666,d15,6,0,0
24666,d16,1,0,0
24666,d16,2,0,0
24666,d16,3,0,0
24666,d16,4,0,0
24666,d16,5,0,0
24666,d16,6,0,0
24666,d17,1,0,0
24666,d17,2,0,0
24666,d17,3,0,0
24666,d17,4,0,0
24666,d17,5,0,0
24666,d17,6,0,0
24666,d18,1,0,0
24666,d18,2,0,0
24666,d18,3,0,0
24666,d18,4,0,0
24666,d18,5,0,0
24666,d18,6,0,0
24666,d19,1,0,0
24666,d19,2,0,0
24666,d19,3,0,0
24666,d19,4,0,0
24666,d19,5,0,0
24666,d19,6,0,0
24666,d20,1,0,0
24666,d20,2,0,0
24666,d20,3,0,0
24666,d20,4,0,0
24666,d20,5,0,0
24666,d20,6,0,0
24666,d21,1,0,0
24666,d21,2,0,0
24666,d21,3,0,0
24666,d21,4,0,0
24666,d21,5,0,0
24666,d21,6,0,0
24666,d22,1,0,0
24666,d22,2,0,0
24666,d22,3,0,0
24666,d22,4,0,0
24666,d22,5,0,0
24666,d22,6,0,0
24666,d23,1,0,0
24666,d23,2,0,0
24666,d23,3,0,0
24666,d23,4,0,0
24666,d23,5,0,0
24666,d23,6,0,0
24666,d24,1,0,0
24666,d24,2,0,0
24666,d24,3,0,0
24666,d24,4,0,0
24666,d24,5,0,0
24666,d24,6,0,0
24666,e01,1,0,0
24666,e01,2,0,0
24666,e01,3,0,0
24666,e01,4,0,0
24666,e01,5,0,0
24666,e01,6,0,0
24666,e02,1,0,0
24666,e02,2,0,0
24666,e02,3,0,0
24666,e02,4,0,0
24666,e02,5,0,0
24666,e02,6,0,0
24666,e03,1,0,0
24666,e03,2,0,0
24666,e03,3,0,0
24666,e03,4,0,0
24666,e03,5,0,0
24666,e03,6,0,0
24666,e04,1,0,0
24666,e04,2,0,0
24666,e04,3,0,0
24666,e04,4,0,0
24666,e04,5,1,0
24666,e04,6,1,0
24666,e05,1,0,0
24666,e05,2,0,0
24666,e05,3,0,0
24666,e05,4,0,0
24666,e05,5,0,0
24666,e05,6,0,0
24666,e06,1,0,0
24666,e06,2,0,0
24666,e06,3,0,0
24666,e06,4,0,0
24666,e06,5,0,0
24666,e06,6,0,0
24666,e07,1,0,0
24666,e07,2,0,0
24666,e07,3,0,0
24666,e07,4,0,0
24666,e07,5,0,0
24666,e07,6,0,0
24666,e08,1,0,0
24666,e08,2,0,0
24666,e08,3,0,0
24666,e08,4,0,0
24666,e08,5,0,0
24666,e08,6,0,0
24666,e09,1,0,0
24666,e09,2,0,0
24666,e09,3,0,0
24666,e09,4,0,0
24666,e09,5,0,0
24666,e09,6,0,0
24666,e10,1,0,0
24666,e10,2,0,0
24666,e10,3,0,0
24666,e10,4,0,0
24666,e10,5,0,0
24666,e10,6,0,0
24666,e11,1,0,0
24666,e11,2,0,0
24666,e11,3,0,0
24666,e11,4,0,0
24666,e11,5,0,0
24666,e11,6,0,0
24666,e12,1,0,0
24666,e12,2,0,0
24666,e12,3,0,0
24666,e12,4,0,0
24666,e12,5,0,0
24666,e12,6,0,0
24666,e13,1,0,0
24666,e13,2,0,0
24666,e13,3,0,0
24666,e13,4,0,0
24666,e13,5,0,0
24666,e13,6,0,0
24666,e14,1,0,0
24666,e14,2,0,0
24666,e14,3,0,0
24666,e14,4,0,0
24666,e14,5,0,0
24666,e14,6,0,0
24666,e15,1,0,0
24666,e15,2,0,0
24666,e15,3,0,0
24666,e15,4,0,0
24666,e15,5,0,0
24666,e15,6,0,0
24666,e16,1,0,0
24666,e16,2,0,0
24666,e16,3,0,0
24666,e16,4,0,0
24666,e16,5,0,0
24666,e16,6,0,0
24666,e17,1,0,0
24666,e17,2,0,0
24666,e17,3,0,0
24666,e17,4,0,0
24666,e17,5,0,0
24666,e17,6,0,0
24666,e18,1,0,0
24666,e18,2,0,0
24666,e18,3,0,0
24666,e18,4,0,0
24666,e18,5,0,0
24666,e18,6,0,0
24666,e19,1,0,0
24666,e19,2,0,0
24666,e19,3,0,0
24666,e19,4,0,0
24666,e19,5,0,0
24666,e19,6,0,0
24666,e20,1,0,0
24666,e20,2,0,0
24666,e20,3,0,0
24666,e20,4,0,0
24666,e20,5,0,0
24666,e20,6,0,0
24666,e21,1,0,0
24666,e21,2,0,0
24666,e21,3,0,0
24666,e21,4,0,0
24666,e21,5,0,0
24666,e21,6,0,0
24666,e22,1,0,0
24666,e22,2,0,0
24666,e22,3,0,0
24666,e22,4,0,0
24666,e22,5,0,0
24666,e22,6,0,0
24666,e23,1,0,0
24666,e23,2,0,0
24666,e23,3,0,0
24666,e23,4,0,0
24666,e23,5,0,0
24666,e23,6,0,0
24666,e24,1,0,0
24666,e24,2,0,0
24666,e24,3,0,0
24666,e24,4,0,0
24666,e24,5,0,0
24666,e24,6,0,0
24666,f01,1,0,0
24666,f01,2,0,0
24666,f01,3,0,0
24666,f01,4,0,0
24666,f01,5,0,0
24666,f01,6,0,0
24666,f02,1,0,0
24666,f02,2,0,0
24666,f02,3,0,0
24666,f02,4,0,0
24666,f02,5,0,0
24666,f02,6,0,0
24666,f03,1,0,0
24666,f03,2,0,0
24666,f03,3,0,0
24666,f03,4,0,0
24666,f03,5,0,0
24666,f03,6,0,0
24666,f04,1,0,0
24666,f04,2,0,0
24666,f04,3,0,0
24666,f04,4,0,0
24666,f04,5,0,0
24666,f04,6,0,0
24666,f05,1,0,0
24666,f05,2,0,0
24666,f05,3,0,0
24666,f05,4,0,0
24666,f05,5,0,0
24666,f05,6,0,0
24666,f06,1,0,0
24666,f06,2,0,0
24666,f06,3,0,0
24666,f06,4,0,0
24666,f06,5,0,0
24666,f06,6,0,0
24666,f07,1,0,0
24666,f07,2,0,0
24666,f07,3,0,0
24666,f07,4,0,0
24666,f07,5,0,0
24666,f07,6,0,0
24666,f08,1,0,0
24666,f08,2,0,0
24666,f08,3,0,0
24666,f08,4,0,0
24666,f08,5,0,0
24666,f08,6,0,0
24666,f09,1,0,0
24666,f09,2,0,0
24666,f09,3,0,0
24666,f09,4,0,0
24666,f09,5,0,0
24666,f09,6,0,0
24666,f10,1,0,0
24666,f10,2,0,0
24666,f10,3,0,0
24666,f10,4,0,0
24666,f10,5,0,0
24666,f10,6,0,0
24666,f11,1,0,0
24666,f11,2,0,0
24666,f11,3,0,0
24666,f11,4,0,0
24666,f11,5,0,0
24666,f11,6,0,0
24666,f12,1,0,0
24666,f12,2,0,0
24666,f12,3,0,0
24666,f12,4,0,0
24666,f12,5,0,0
24666,f12,6,0,0
24666,f13,1,0,0
24666,f13,2,0,0
24666,f13,3,0,0
24666,f13,4,0,0
24666,f13,5,0,0
24666,f13,6,0,0
24666,f14,1,0,0
24666,f14,2,0,0
24666,f14,3,0,0
24666,f14,4,0,0
24666,f14,5,0,0
24666,f14,6,0,0
24666,f15,1,0,0
24666,f15,2,0,0
24666,f15,3,0,0
24666,f15,4,0,0
24666,f15,5,0,0
24666,f15,6,0,0
24666,f16,1,0,0
24666,f16,2,0,0
24666,f16,3,0,0
24666,f16,4,0,0
24666,f16,5,0,0
24666,f16,6,0,0
24666,f17,1,0,0
24666,f17,2,0,0
24666,f17,3,0,0
24666,f17,4,0,0
24666,f17,5,0,0
24666,f17,6,0,0
24666,f18,1,0,0
24666,f18,2,0,0
24666,f18,3,0,0
24666,f18,4,0,0
24666,f18,5,0,0
24666,f18,6,0,0
24666,f19,1,0,0
24666,f19,2,0,0
24666,f19,3,0,0
24666,f19,4,0,0
24666,f19,5,0,0
24666,f19,6,0,0
24666,f20,1,0,0
24666,f20,2,0,0
24666,f20,3,0,0
24666,f20,4,0,0
24666,f20,5,0,0
24666,f20,6,0,0
24666,f21,1,0,0
24666,f21,2,0,0
24666,f21,3,0,0
24666,f21,4,0,0
24666,f21,5,0,0
24666,f21,6,0,0
24666,f22,1,0,0
24666,f22,2,0,0
24666,f22,3,0,0
24666,f22,4,0,0
24666,f22,5,0,0
24666,f22,6,0,0
24666,f23,1,0,0
24666,f23,2,0,0
24666,f23,3,0,0
24666,f23,4,0,0
24666,f23,5,0,0
24666,f23,6,0,0
24666,f24,1,0,0
24666,f24,2,0,0
24666,f24,3,0,0
24666,f24,4,0,0
24666,f24,5,0,0
24666,f24,6,0,0
24666,g01,1,0,0
24666,g01,2,0,0
24666,g01,3,0,0
24666,g01,4,0,0
24666,g01,5,0,0
24666,g01,6,0,0
24666,g02,1,0,0
24666,g02,2,0,0
24666,g02,3,0,0
24666,g02,4,0,0
24666,g02,5,0,0
24666,g02,6,0,0
24666,g03,1,0,0
24666,g03,2,0,0
24666,g03,3,0,0
24666,g03,4,0,0
24666,g03,5,0,0
24666,g03,6,0,0
24666,g04,1,0,0
24666,g04,2,0,0
24666,g04,3,0,0
24666,g04,4,0,0
24666,g04,5,0,0
24666,g04,6,0,0
24666,g05,1,0,0
24666,g05,2,0,0
24666,g05,3,0,0
24666,g05,4,0,0
24666,g05,5,0,0
24666,g05,6,0,0
24666,g06,1,0,0
24666,g06,2,0,0
24666,g06,3,0,0
24666,g06,4,0,0
24666,g06,5,0,0
24666,g06,6,0,0
24666,g07,1,0,0
24666,g07,2,0,0
24666,g07,3,0,0
24666,g07,4,0,0
24666,g07,5,0,0
24666,g07,6,0,0
24666,g08,1,0,0
24666,g08,2,0,0
24666,g08,3,0,0
24666,g08,4,0,0
24666,g08,5,0,0
24666,g08,6,0,0
24666,g09,1,0,0
24666,g09,2,0,0
24666,g09,3,0,0
24666,g09,4,0,0
24666,g09,5,0,0
24666,g09,6,0,0
24666,g10,1,0,0
24666,g10,2,0,0
24666,g10,3,0,0
24666,g10,4,0,0
24666,g10,5,0,0
24666,g10,6,0,0
24666,g11,1,0,0
24666,g11,2,0,0
24666,g11,3,0,0
24666,g11,4,0,0
24666,g11,5,0,0
24666,g11,6,0,0
24666,g12,1,0,0
24666,g12,2,0,0
24666,g12,3,0,0
24666,g12,4,0,0
24666,g12,5,0,0
24666,g12,6,0,0
24666,g13,1,0,0
24666,g13,2,0,0
24666,g13,3,0,0
24666,g13,4,0,0
24666,g13,5,0,0
24666,g13,6,0,0
24666,g14,1,0,0
24666,g14,2,0,0
24666,g14,3,0,0
24666,g14,4,0,0
24666,g14,5,0,0
24666,g14,6,0,0
24666,g15,1,0,0
24666,g15,2,0,0
24666,g15,3,0,0
24666,g15,4,0,0
24666,g15,5,0,0
24666,g15,6,0,0
24666,g16,1,0,0
24666,g16,2,0,0
24666,g16,3,0,0
24666,g16,4,0,0
24666,g16,5,0,0
24666,g16,6,0,0
24666,g17,1,0,0
24666,g17,2,0,0
24666,g17,3,0,0
24666,g17,4,0,0
24666,g17,5,0,0
24666,g17,6,0,0
24666,g18,1,0,0
24666,g18,2,0,0
24666,g18,3,0,0
24666,g18,4,0,0
24666,g18,5,0,0
24666,g18,6,0,0
24666,g19,1,0,0
24666,g19,2,0,0
24666,g19,3,0,0
24666,g19,4,0,0
24666,g19,5,0,0
24666,g19,6,0,0
24666,g20,1,0,0
24666,g20,2,0,0
24666,g20,3,0,0
24666,g20,4,0,0
24666,g20,5,0,0
24666,g20,6,0,0
24666,g21,1,0,0
24666,g21,2,0,0
24666,g21,3,0,0
24666,g21,4,0,0
24666,g21,5,0,0
24666,g21,6,0,0
24666,g22,1,0,0
24666,g22,2,0,0
24666,g22,3,0,0
24666,g22,4,0,0
24666,g22,5,0,0
24666,g22,6,0,0
24666,g23,1,0,0
24666,g23,2,0,0
24666,g23,3,0,0
24666,g23,4,0,0
24666,g23,5,0,0
24666,g23,6,0,0
24666,g24,1,0,0
24666,g24,2,0,0
24666,g24,3,0,0
24666,g24,4,0,0
24666,g24,5,0,0
24666,g24,6,0,0
24666,h01,1,0,0
24666,h01,2,0,0
24666,h01,3,0,0
24666,h01,4,0,0
24666,h01,5,0,0
24666,h01,6,0,0
24666,h02,1,0,0
24666,h02,2,0,0
24666,h02,3,0,0
24666,h02,4,0,0
24666,h02,5,0,0
24666,h02,6,0,0
24666,h03,1,0,0
24666,h03,2,0,0
24666,h03,3,0,0
24666,h03,4,0,0
24666,h03,5,0,0
24666,h03,6,0,0
24666,h04,1,0,0
24666,h04,2,0,0
24666,h04,3,0,0
24666,h04,4,0,0
24666,h04,5,0,0
24666,h04,6,0,0
24666,h05,1,0,0
24666,h05,2,0,0
24666,h05,3,0,0
24666,h05,4,0,0
24666,h05,5,0,0
24666,h05,6,0,0
24666,h06,1,0,0
24666,h06,2,0,0
24666,h06,3,0,0
24666,h06,4,0,0
24666,h06,5,0,0
24666,h06,6,0,0
24666,h07,1,0,0
24666,h07,2,0,0
24666,h07,3,0,0
24666,h07,4,0,0
24666,h07,5,0,0
24666,h07,6,0,0
24666,h08,1,0,0
24666,h08,2,0,0
24666,h08,3,0,0
24666,h08,4,0,0
24666,h08,5,0,0
24666,h08,6,0,0
24666,h09,1,0,0
24666,h09,2,0,0
24666,h09,3,0,0
24666,h09,4,0,0
24666,h09,5,0,0
24666,h09,6,0,0
24666,h10,1,0,0
24666,h10,2,0,0
24666,h10,3,0,0
24666,h10,4,0,0
24666,h10,5,0,0
24666,h10,6,0,0
24666,h11,1,0,0
24666,h11,2,0,0
24666,h11,3,0,0
24666,h11,4,0,0
24666,h11,5,0,0
24666,h11,6,0,0
24666,h12,1,0,0
24666,h12,2,0,0
24666,h12,3,0,0
24666,h12,4,0,0
24666,h12,5,0,0
24666,h12,6,0,0
24666,h13,1,0,0
24666,h13,2,0,0
24666,h13,3,0,0
24666,h13,4,0,0
24666,h13,5,0,0
24666,h13,6,0,0
24666,h14,1,0,0
24666,h14,2,0,0
24666,h14,3,0,0
24666,h14,4,0,0
24666,h14,5,0,0
24666,h14,6,0,0
24666,h15,1,0,0
24666,h15,2,0,0
24666,h15,3,0,0
24666,h15,4,0,0
24666,h15,5,0,0
24666,h15,6,0,0
24666,h16,1,0,0
24666,h16,2,0,0
24666,h16,3,0,0
24666,h16,4,0,0
24666,h16,5,0,0
24666,h16,6,0,0
24666,h17,1,0,0
24666,h17,2,0,0
24666,h17,3,1,0
24666,h17,4,0,0
24666,h17,5,0,0
24666,h17,6,1,0
24666,h18,1,0,0
24666,h18,2,0,0
24666,h18,3,0,0
24666,h18,4,0,0
24666,h18,5,0,0
24666,h18,6,0,0
24666,h19,1,0,0
24666,h19,2,0,0
24666,h19,3,0,0
24666,h19,4,0,0
24666,h19,5,0,0
24666,h19,6,0,0
24666,h20,1,0,0
24666,h20,2,0,0
24666,h20,3,0,0
24666,h20,4,0,0
24666,h20,5,0,0
24666,h20,6,0,0
24666,h21,1,0,0
24666,h21,2,0,0
24666,h21,3,0,0
24666,h21,4,0,0
24666,h21,5,0,0
24666,h21,6,0,0
24666,h22,1,0,0
24666,h22,2,0,0
24666,h22,3,0,0
24666,h22,4,0,0
24666,h22,5,0,0
24666,h22,6,0,0
24666,h23,1,0,0
24666,h23,2,0,0
24666,h23,3,0,0
24666,h23,4,0,0
24666,h23,5,0,0
24666,h23,6,0,0
24666,h24,1,0,0
24666,h24,2,0,0
24666,h24,3,0,0
24666,h24,4,0,0
24666,h24,5,0,0
24666,h24,6,0,0
24666,i01,1,0,0
24666,i01,2,0,0
24666,i01,3,0,0
24666,i01,4,0,0
24666,i01,5,0,0
24666,i01,6,0,0
24666,i02,1,0,0
24666,i02,2,0,0
24666,i02,3,0,0
24666,i02,4,0,0
24666,i02,5,0,0
24666,i02,6,0,0
24666,i03,1,0,0
24666,i03,2,0,0
24666,i03,3,0,0
24666,i03,4,0,0
24666,i03,5,0,0
24666,i03,6,0,0
24666,i04,1,0,0
24666,i04,2,0,0
24666,i04,3,0,0
24666,i04,4,0,0
24666,i04,5,0,0
24666,i04,6,0,0
24666,i05,1,0,0
24666,i05,2,0,0
24666,i05,3,0,0
24666,i05,4,0,0
24666,i05,5,0,0
24666,i05,6,0,0
24666,i06,1,0,0
24666,i06,2,0,0
24666,i06,3,0,0
24666,i06,4,0,0
24666,i06,5,0,0
24666,i06,6,0,0
24666,i07,1,0,0
24666,i07,2,0,0
24666,i07,3,0,0
24666,i07,4,0,0
24666,i07,5,0,0
24666,i07,6,0,0
24666,i08,1,0,0
24666,i08,2,0,0
24666,i08,3,0,0
24666,i08,4,0,0
24666,i08,5,0,0
24666,i08,6,0,0
24666,i09,1,0,0
24666,i09,2,0,0
24666,i09,3,0,0
24666,i09,4,0,0
24666,i09,5,0,0
24666,i09,6,0,0
24666,i10,1,0,0
24666,i10,2,0,0
24666,i10,3,0,0
24666,i10,4,0,0
24666,i10,5,0,0
24666,i10,6,0,0
24666,i11,1,0,0
24666,i11,2,0,0
24666,i11,3,0,0
24666,i11,4,0,0
24666,i11,5,0,0
24666,i11,6,0,0
24666,i12,1,0,0
24666,i12,2,0,0
24666,i12,3,0,0
24666,i12,4,0,0
24666,i12,5,0,0
24666,i12,6,0,0
24666,i13,1,0,0
24666,i13,2,0,0
24666,i13,3,0,0
24666,i13,4,0,0
24666,i13,5,0,0
24666,i13,6,0,0
24666,i14,1,0,0
24666,i14,2,0,0
24666,i14,3,0,0
24666,i14,4,0,0
24666,i14,5,0,0
24666,i14,6,0,0
24666,i15,1,0,0
24666,i15,2,0,0
24666,i15,3,0,0
24666,i15,4,0,0
24666,i15,5,0,0
24666,i15,6,0,0
24666,i16,1,0,0
24666,i16,2,0,0
24666,i16,3,0,0
24666,i16,4,0,0
24666,i16,5,0,0
24666,i16,6,0,0
24666,i17,1,0,0
24666,i17,2,0,0
24666,i17,3,0,0
24666,i17,4,0,0
24666,i17,5,0,0
24666,i17,6,0,0
24666,i18,1,0,0
24666,i18,2,0,0
24666,i18,3,0,0
24666,i18,4,0,0
24666,i18,5,0,0
24666,i18,6,0,0
24666,i19,1,0,0
24666,i19,2,0,0
24666,i19,3,0,0
24666,i19,4,0,0
24666,i19,5,0,0
24666,i19,6,0,0
24666,i20,1,0,0
24666,i20,2,0,0
24666,i20,3,0,0
24666,i20,4,0,0
24666,i20,5,0,0
24666,i20,6,0,0
24666,i21,1,0,0
24666,i21,2,0,0
24666,i21,3,0,0
24666,i21,4,0,0
24666,i21,5,0,0
24666,i21,6,0,0
24666,i22,1,0,0
24666,i22,2,0,0
24666,i22,3,0,0
24666,i22,4,0,0
24666,i22,5,0,0
24666,i22,6,0,0
24666,i23,1,0,0
24666,i23,2,0,0
24666,i23,3,0,0
24666,i23,4,0,0
24666,i23,5,0,0
24666,i23,6,0,0
24666,i24,1,0,0
24666,i24,2,0,0
24666,i24,3,0,0
24666,i24,4,0,0
24666,i24,5,0,0
24666,i24,6,0,0
24666,j01,1,0,0
24666,j01,2,0,0
24666,j01,3,0,0
24666,j01,4,0,0
24666,j01,5,0,0
24666,j01,6,0,0
24666,j02,1,0,0
24666,j02,2,0,0
24666,j02,3,0,0
24666,j02,4,0,0
24666,j02,5,0,0
24666,j02,6,0,0
24666,j03,1,0,0
24666,j03,2,0,0
24666,j03,3,0,0
24666,j03,4,0,0
24666,j03,5,0,0
24666,j03,6,0,0
24666,j04,1,0,0
24666,j04,2,0,0
24666,j04,3,0,0
24666,j04,4,0,0
24666,j04,5,0,0
24666,j04,6,0,0
24666,j05,1,0,0
24666,j05,2,0,0
24666,j05,3,0,0
24666,j05,4,0,0
24666,j05,5,0,0
24666,j05,6,0,0
24666,j06,1,0,0
24666,j06,2,0,0
24666,j06,3,0,0
24666,j06,4,0,0
24666,j06,5,0,0
24666,j06,6,0,0
24666,j07,1,0,0
24666,j07,2,0,0
24666,j07,3,0,0
24666,j07,4,0,0
24666,j07,5,0,0
24666,j07,6,0,0
24666,j08,1,0,0
24666,j08,2,0,0
24666,j08,3,0,0
24666,j08,4,0,0
24666,j08,5,0,0
24666,j08,6,0,0
24666,j09,1,0,0
24666,j09,2,0,0
24666,j09,3,0,0
24666,j09,4,0,0
24666,j09,5,0,0
24666,j09,6,0,0
24666,j10,1,0,0
24666,j10,2,0,0
24666,j10,3,0,0
24666,j10,4,0,0
24666,j10,5,0,0
24666,j10,6,0,0
24666,j11,1,0,0
24666,j11,2,0,0
24666,j11,3,0,0
24666,j11,4,0,0
24666,j11,5,0,0
24666,j11,6,0,0
24666,j12,1,0,0
24666,j12,2,0,0
24666,j12,3,0,0
24666,j12,4,0,0
24666,j12,5,0,0
24666,j12,6,0,0
24666,j13,1,0,0
24666,j13,2,0,0
24666,j13,3,0,0
24666,j13,4,0,0
24666,j13,5,0,0
24666,j13,6,0,0
24666,j14,1,0,0
24666,j14,2,0,0
24666,j14,3,0,0
24666,j14,4,0,0
24666,j14,5,0,0
24666,j14,6,0,0
24666,j15,1,0,0
24666,j15,2,0,0
24666,j15,3,0,0
24666,j15,4,0,0
24666,j15,5,0,0
24666,j15,6,0,0
24666,j16,1,0,0
24666,j16,2,0,0
24666,j16,3,0,0
24666,j16,4,0,0
24666,j16,5,0,0
24666,j16,6,0,0
24666,j17,1,0,0
24666,j17,2,0,0
24666,j17,3,0,0
24666,j17,4,0,0
24666,j17,5,0,0
24666,j17,6,0,0
24666,j18,1,0,0
24666,j18,2,0,0
24666,j18,3,0,0
24666,j18,4,0,0
24666,j18,5,0,0
24666,j18,6,0,0
24666,j19,1,0,0
24666,j19,2,0,0
24666,j19,3,0,0
24666,j19,4,0,0
24666,j19,5,0,0
24666,j19,6,0,0
24666,j20,1,0,0
24666,j20,2,0,0
24666,j20,3,0,0
24666,j20,4,0,0
24666,j20,5,0,0
24666,j20,6,0,0
24666,j21,1,0,0
24666,j21,2,0,0
24666,j21,3,0,0
24666,j21,4,1,0
24666,j21,5,0,0
24666,j21,6,0,0
24666,j22,1,0,0
24666,j22,2,0,0
24666,j22,3,0,0
24666,j22,4,0,0
24666,j22,5,0,0
24666,j22,6,0,0
24666,j23,1,0,0
24666,j23,2,0,0
24666,j23,3,0,0
24666,j23,4,0,0
24666,j23,5,0,0
24666,j23,6,0,0
24666,j24,1,0,0
24666,j24,2,0,0
24666,j24,3,0,0
24666,j24,4,0,0
24666,j24,5,0,0
24666,j24,6,0,0
24666,k01,1,0,0
24666,k01,2,0,0
24666,k01,3,0,0
24666,k01,4,0,0
24666,k01,5,0,0
24666,k01,6,0,0
24666,k02,1,0,0
24666,k02,2,0,0
24666,k02,3,0,0
24666,k02,4,0,0
24666,k02,5,0,0
24666,k02,6,0,0
24666,k03,1,0,0
24666,k03,2,0,0
24666,k03,3,0,0
24666,k03,4,0,0
24666,k03,5,0,0
24666,k03,6,0,0
24666,k04,1,0,0
24666,k04,2,0,0
24666,k04,3,0,0
24666,k04,4,0,0
24666,k04,5,0,0
24666,k04,6,0,0
24666,k05,1,0,0
24666,k05,2,0,0
24666,k05,3,0,0
24666,k05,4,0,0
24666,k05,5,0,0
24666,k05,6,0,0
24666,k06,1,0,0
24666,k06,2,0,0
24666,k06,3,0,0
24666,k06,4,0,0
24666,k06,5,0,0
24666,k06,6,0,0
24666,k07,1,0,0
24666,k07,2,0,0
24666,k07,3,0,0
24666,k07,4,0,0
24666,k07,5,0,0
24666,k07,6,0,0
24666,k08,1,0,0
24666,k08,2,0,0
24666,k08,3,0,0
24666,k08,4,0,0
24666,k08,5,0,0
24666,k08,6,0,0
24666,k09,1,0,0
24666,k09,2,0,0
24666,k09,3,0,0
24666,k09,4,0,0
24666,k09,5,0,0
24666,k09,6,0,0
24666,k10,1,0,0
24666,k10,2,0,0
24666,k10,3,0,0
24666,k10,4,0,0
24666,k10,5,0,0
24666,k10,6,0,0
24666,k11,1,0,0
24666,k11,2,0,0
24666,k11,3,0,0
24666,k11,4,0,0
24666,k11,5,0,0
24666,k11,6,0,0
24666,k12,1,0,0
24666,k12,2,0,0
24666,k12,3,0,0
24666,k12,4,0,0
24666,k12,5,0,0
24666,k12,6,0,0
24666,k13,1,0,0
24666,k13,2,0,0
24666,k13,3,0,0
24666,k13,4,0,0
24666,k13,5,0,0
24666,k13,6,0,0
24666,k14,1,0,0
24666,k14,2,0,0
24666,k14,3,0,0
24666,k14,4,0,0
24666,k14,5,0,0
24666,k14,6,0,0
24666,k15,1,0,0
24666,k15,2,0,0
24666,k15,3,0,0
24666,k15,4,0,0
24666,k15,5,0,0
24666,k15,6,0,0
24666,k16,1,0,0
24666,k16,2,0,0
24666,k16,3,0,0
24666,k16,4,0,0
24666,k16,5,0,0
24666,k16,6,0,0
24666,k17,1,0,0
24666,k17,2,0,0
24666,k17,3,0,0
24666,k17,4,0,0
24666,k17,5,0,0
24666,k17,6,0,0
24666,k18,1,1,0
24666,k18,2,0,0
24666,k18,3,0,0
24666,k18,4,0,0
24666,k18,5,0,0
24666,k18,6,0,0
24666,k19,1,0,0
24666,k19,2,0,0
24666,k19,3,0,0
24666,k19,4,0,0
24666,k19,5,0,0
24666,k19,6,0,0
24666,k20,1,0,0
24666,k20,2,0,0
24666,k20,3,0,0
24666,k20,4,0,0
24666,k20,5,0,0
24666,k20,6,0,0
24666,k21,1,0,0
24666,k21,2,0,0
24666,k21,3,0,0
24666,k21,4,0,0
24666,k21,5,0,0
24666,k21,6,0,0
24666,k22,1,0,0
24666,k22,2,0,0
24666,k22,3,0,0
24666,k22,4,0,0
24666,k22,5,0,0
24666,k22,6,0,0
24666,k23,1,0,0
24666,k23,2,0,0
24666,k23,3,0,0
24666,k23,4,0,0
24666,k23,5,0,0
24666,k23,6,0,0
24666,k24,1,0,0
24666,k24,2,0,0
24666,k24,3,0,0
24666,k24,4,0,0
24666,k24,5,1,0
24666,k24,6,1,0
24666,l01,1,0,0
24666,l01,2,0,0
24666,l01,3,0,0
24666,l01,4,0,0
24666,l01,5,0,0
24666,l01,6,0,0
24666,l02,1,0,0
24666,l02,2,0,0
24666,l02,3,0,0
24666,l02,4,0,0
24666,l02,5,0,0
24666,l02,6,0,0
24666,l03,1,0,0
24666,l03,2,0,0
24666,l03,3,0,0
24666,l03,4,0,0
24666,l03,5,0,0
24666,l03,6,0,0
24666,l04,1,0,0
24666,l04,2,0,0
24666,l04,3,0,0
24666,l04,4,0,0
24666,l04,5,0,0
24666,l04,6,0,0
24666,l05,1,0,0
24666,l05,2,0,0
24666,l05,3,0,0
24666,l05,4,0,0
24666,l05,5,0,0
24666,l05,6,0,0
24666,l06,1,0,0
24666,l06,2,0,0
24666,l06,3,0,0
24666,l06,4,0,0
24666,l06,5,0,0
24666,l06,6,0,0
24666,l07,1,0,0
24666,l07,2,0,0
24666,l07,3,0,0
24666,l07,4,0,0
24666,l07,5,0,0
24666,l07,6,0,0
24666,l08,1,0,0
24666,l08,2,0,0
24666,l08,3,0,0
24666,l08,4,0,0
24666,l08,5,0,0
24666,l08,6,0,0
24666,l09,1,0,0
24666,l09,2,0,0
24666,l09,3,0,0
24666,l09,4,0,0
24666,l09,5,0,0
24666,l09,6,0,0
24666,l10,1,0,0
24666,l10,2,0,0
24666,l10,3,0,0
24666,l10,4,0,0
24666,l10,5,0,0
24666,l10,6,0,0
24666,l11,1,0,0
24666,l11,2,0,0
24666,l11,3,0,0
24666,l11,4,0,0
24666,l11,5,0,0
24666,l11,6,0,0
24666,l12,1,0,0
24666,l12,2,0,0
24666,l12,3,0,0
24666,l12,4,0,0
24666,l12,5,0,0
24666,l12,6,0,0
24666,l13,1,0,0
24666,l13,2,0,0
24666,l13,3,0,0
24666,l13,4,0,0
24666,l13,5,0,0
24666,l13,6,0,0
24666,l14,1,0,0
24666,l14,2,0,0
24666,l14,3,0,0
24666,l14,4,0,0
24666,l14,5,0,0
24666,l14,6,0,0
24666,l15,1,0,0
24666,l15,2,0,0
24666,l15,3,0,0
24666,l15,4,0,0
24666,l15,5,0,0
24666,l15,6,0,0
24666,l16,1,0,0
24666,l16,2,0,0
24666,l16,3,0,0
24666,l16,4,0,0
24666,l16,5,0,0
24666,l16,6,0,0
24666,l17,1,0,0
24666,l17,2,0,0
24666,l17,3,0,0
24666,l17,4,0,0
24666,l17,5,0,0
24666,l17,6,0,0
24666,l18,1,0,0
24666,l18,2,0,0
24666,l18,3,0,0
24666,l18,4,0,0
24666,l18,5,0,0
24666,l18,6,0,0
24666,l19,1,0,0
24666,l19,2,0,0
24666,l19,3,0,0
24666,l19,4,0,0
24666,l19,5,0,0
24666,l19,6,0,0
24666,l20,1,0,0
24666,l20,2,0,0
24666,l20,3,0,0
24666,l20,4,1,0
24666,l20,5,0,0
24666,l20,6,0,0
24666,l21,1,0,0
24666,l21,2,0,0
24666,l21,3,0,0
24666,l21,4,0,0
24666,l21,5,0,0
24666,l21,6,0,0
24666,l22,1,0,0
24666,l22,2,0,0
24666,l22,3,0,0
24666,l22,4,0,0
24666,l22,5,0,0
24666,l22,6,0,0
24666,l23,1,0,0
24666,l23,2,0,0
24666,l23,3,0,0
24666,l23,4,0,0
24666,l23,5,0,0
24666,l23,6,0,0
24666,l24,1,0,0
24666,l24,2,0,0
24666,l24,3,0,0
24666,l24,4,0,0
24666,l24,5,0,0
24666,l24,6,0,0
24666,m01,1,0,0
24666,m01,2,0,0
24666,m01,3,0,0
24666,m01,4,0,0
24666,m01,5,0,0
24666,m01,6,0,0
24666,m02,1,0,0
24666,m02,2,0,0
24666,m02,3,0,0
24666,m02,4,0,0
24666,m02,5,0,0
24666,m02,6,0,0
24666,m03,1,0,0
24666,m03,2,0,0
24666,m03,3,0,0
24666,m03,4,0,0
24666,m03,5,0,0
24666,m03,6,0,0
24666,m04,1,0,0
24666,m04,2,0,0
24666,m04,3,0,0
24666,m04,4,0,0
24666,m04,5,0,0
24666,m04,6,0,0
24666,m05,1,0,0
24666,m05,2,0,0
24666,m05,3,0,0
24666,m05,4,0,0
24666,m05,5,0,0
24666,m05,6,0,0
24666,m06,1,0,0
24666,m06,2,0,0
24666,m06,3,0,0
24666,m06,4,0,0
24666,m06,5,0,0
24666,m06,6,0,0
24666,m07,1,0,0
24666,m07,2,0,0
24666,m07,3,0,0
24666,m07,4,0,0
24666,m07,5,0,0
24666,m07,6,0,0
24666,m08,1,0,0
24666,m08,2,0,0
24666,m08,3,0,0
24666,m08,4,0,0
24666,m08,5,0,0
24666,m08,6,0,0
24666,m09,1,0,0
24666,m09,2,0,0
24666,m09,3,0,0
24666,m09,4,0,0
24666,m09,5,0,0
24666,m09,6,0,0
24666,m10,1,0,0
24666,m10,2,0,0
24666,m10,3,0,0
24666,m10,4,0,0
24666,m10,5,0,0
24666,m10,6,1,0
24666,m11,1,0,0
24666,m11,2,0,0
24666,m11,3,0,0
24666,m11,4,0,0
24666,m11,5,0,0
24666,m11,6,0,0
24666,m12,1,0,0
24666,m12,2,0,0
24666,m12,3,0,0
24666,m12,4,0,0
24666,m12,5,0,0
24666,m12,6,0,0
24666,m13,1,0,0
24666,m13,2,0,0
24666,m13,3,0,0
24666,m13,4,0,0
24666,m13,5,0,0
24666,m13,6,0,0
24666,m14,1,0,0
24666,m14,2,0,0
24666,m14,3,0,0
24666,m14,4,0,0
24666,m14,5,0,0
24666,m14,6,0,0
24666,m15,1,0,0
24666,m15,2,0,0
24666,m15,3,0,0
24666,m15,4,0,0
24666,m15,5,0,0
24666,m15,6,0,0
24666,m16,1,0,0
24666,m16,2,0,0
24666,m16,3,0,0
24666,m16,4,0,0
24666,m16,5,0,0
24666,m16,6,0,0
24666,m17,1,0,0
24666,m17,2,0,0
24666,m17,3,0,0
24666,m17,4,0,0
24666,m17,5,0,0
24666,m17,6,0,0
24666,m18,1,0,0
24666,m18,2,0,0
24666,m18,3,0,0
24666,m18,4,0,0
24666,m18,5,0,0
24666,m18,6,0,0
24666,m19,1,0,0
24666,m19,2,0,0
24666,m19,3,0,0
24666,m19,4,0,0
24666,m19,5,0,0
24666,m19,6,0,0
24666,m20,1,0,0
24666,m20,2,0,0
24666,m20,3,0,0
24666,m20,4,0,0
24666,m20,5,0,0
24666,m20,6,0,0
24666,m21,1,0,0
24666,m21,2,0,0
24666,m21,3,0,0
24666,m21,4,0,0
24666,m21,5,0,0
24666,m21,6,0,0
24666,m22,1,0,0
24666,m22,2,0,0
24666,m22,3,0,0
24666,m22,4,0,0
24666,m22,5,0,0
24666,m22,6,0,0
24666,m23,1,0,0
24666,m23,2,0,0
24666,m23,3,0,0
24666,m23,4,0,0
24666,m23,5,0,0
24666,m23,6,0,0
24666,m24,1,0,0
24666,m24,2,0,0
24666,m24,3,0,0
24666,m24,4,0,0
24666,m24,5,0,0
24666,m24,6,0,0
24666,n01,1,0,0
24666,n01,2,0,0
24666,n01,3,0,0
24666,n01,4,0,0
24666,n01,5,0,0
24666,n01,6,0,0
24666,n02,1,0,0
24666,n02,2,0,0
24666,n02,3,0,0
24666,n02,4,0,0
24666,n02,5,0,0
24666,n02,6,0,0
24666,n03,1,0,0
24666,n03,2,0,0
24666,n03,3,0,0
24666,n03,4,0,0
24666,n03,5,0,0
24666,n03,6,0,0
24666,n04,1,0,0
24666,n04,2,0,0
24666,n04,3,0,0
24666,n04,4,0,0
24666,n04,5,0,0
24666,n04,6,0,0
24666,n05,1,0,0
24666,n05,2,0,0
24666,n05,3,0,0
24666,n05,4,0,0
24666,n05,5,0,0
24666,n05,6,0,0
24666,n06,1,0,0
24666,n06,2,0,0
24666,n06,3,0,0
24666,n06,4,0,0
24666,n06,5,0,0
24666,n06,6,0,0
24666,n07,1,0,0
24666,n07,2,0,0
24666,n07,3,0,0
24666,n07,4,0,0
24666,n07,5,0,0
24666,n07,6,0,0
24666,n08,1,0,0
24666,n08,2,0,0
24666,n08,3,0,0
24666,n08,4,0,0
24666,n08,5,0,0
24666,n08,6,0,0
24666,n09,1,0,0
24666,n09,2,0,0
24666,n09,3,0,0
24666,n09,4,0,0
24666,n09,5,0,0
24666,n09,6,0,0
24666,n10,1,0,0
24666,n10,2,0,0
24666,n10,3,0,0
24666,n10,4,0,0
24666,n10,5,0,0
24666,n10,6,0,0
24666,n11,1,1,0
24666,n11,2,0,0
24666,n11,3,0,0
24666,n11,4,1,0
24666,n11,5,0,0
24666,n11,6,0,0
24666,n12,1,0,0
24666,n12,2,0,0
24666,n12,3,0,0
24666,n12,4,0,0
24666,n12,5,0,0
24666,n12,6,0,0
24666,n13,1,0,0
24666,n13,2,0,0
24666,n13,3,0,0
24666,n13,4,0,0
24666,n13,5,0,0
24666,n13,6,0,0
24666,n14,1,0,0
24666,n14,2,0,0
24666,n14,3,0,0
24666,n14,4,0,0
24666,n14,5,0,0
24666,n14,6,0,0
24666,n15,1,0,0
24666,n15,2,0,0
24666,n15,3,0,0
24666,n15,4,0,0
24666,n15,5,0,0
24666,n15,6,0,0
24666,n16,1,0,0
24666,n16,2,0,0
24666,n16,3,0,1
24666,n16,4,0,0
24666,n16,5,0,0
24666,n16,6,0,0
24666,n17,1,0,0
24666,n17,2,0,0
24666,n17,3,0,0
24666,n17,4,0,0
24666,n17,5,0,0
24666,n17,6,0,0
24666,n18,1,0,0
24666,n18,2,0,0
24666,n18,3,0,0
24666,n18,4,0,0
24666,n18,5,0,0
24666,n18,6,0,0
24666,n19,1,0,0
24666,n19,2,0,0
24666,n19,3,0,0
24666,n19,4,0,0
24666,n19,5,0,0
24666,n19,6,0,0
24666,n20,1,0,0
24666,n20,2,0,0
24666,n20,3,0,0
24666,n20,4,0,0
24666,n20,5,0,0
24666,n20,6,0,0
24666,n21,1,0,0
24666,n21,2,0,0
24666,n21,3,0,0
24666,n21,4,0,0
24666,n21,5,0,0
24666,n21,6,0,0
24666,n22,1,0,0
24666,n22,2,0,0
24666,n22,3,0,0
24666,n22,4,0,0
24666,n22,5,0,0
24666,n22,6,0,0
24666,n23,1,0,0
24666,n23,2,0,0
24666,n23,3,0,0
24666,n23,4,0,0
24666,n23,5,0,0
24666,n23,6,0,0
24666,n24,1,0,0
24666,n24,2,0,0
24666,n24,3,0,0
24666,n24,4,0,0
24666,n24,5,0,0
24666,n24,6,0,0
24666,o01,1,0,0
24666,o01,2,0,0
24666,o01,3,0,0
24666,o01,4,0,0
24666,o01,5,0,0
24666,o01,6,0,0
24666,o02,1,0,0
24666,o02,2,0,0
24666,o02,3,0,0
24666,o02,4,0,0
24666,o02,5,0,0
24666,o02,6,0,0
24666,o03,1,0,0
24666,o03,2,0,0
24666,o03,3,0,0
24666,o03,4,0,0
24666,o03,5,0,0
24666,o03,6,0,0
24666,o04,1,0,0
24666,o04,2,0,0
24666,o04,3,0,0
24666,o04,4,0,0
24666,o04,5,0,0
24666,o04,6,0,0
24666,o05,1,0,0
24666,o05,2,0,0
24666,o05,3,0,0
24666,o05,4,0,0
24666,o05,5,0,0
24666,o05,6,0,0
24666,o06,1,0,0
24666,o06,2,0,0
24666,o06,3,0,0
24666,o06,4,0,0
24666,o06,5,0,0
24666,o06,6,0,0
24666,o07,1,0,0
24666,o07,2,0,0
24666,o07,3,0,0
24666,o07,4,0,0
24666,o07,5,0,0
24666,o07,6,0,0
24666,o08,1,0,0
24666,o08,2,0,0
24666,o08,3,0,0
24666,o08,4,0,0
24666,o08,5,0,0
24666,o08,6,0,0
24666,o09,1,0,0
24666,o09,2,0,0
24666,o09,3,0,0
24666,o09,4,0,0
24666,o09,5,0,0
24666,o09,6,0,0
24666,o10,1,0,0
24666,o10,2,0,0
24666,o10,3,0,0
24666,o10,4,0,0
24666,o10,5,0,0
24666,o10,6,0,0
24666,o11,1,0,0
24666,o11,2,0,0
24666,o11,3,0,0
24666,o11,4,0,0
24666,o11,5,0,0
24666,o11,6,0,0
24666,o12,1,0,0
24666,o12,2,0,0
24666,o12,3,0,0
24666,o12,4,1,0
24666,o12,5,1,0
24666,o12,6,0,0
24666,o13,1,0,0
24666,o13,2,0,0
24666,o13,3,0,0
24666,o13,4,0,0
24666,o13,5,0,0
24666,o13,6,0,0
24666,o14,1,0,0
24666,o14,2,0,0
24666,o14,3,0,0
24666,o14,4,0,0
24666,o14,5,0,0
24666,o14,6,0,0
24666,o15,1,1,0
24666,o15,2,0,0
24666,o15,3,0,0
24666,o15,4,0,0
24666,o15,5,0,0
24666,o15,6,0,0
24666,o16,1,0,0
24666,o16,2,0,0
24666,o16,3,0,0
24666,o16,4,0,0
24666,o16,5,0,0
24666,o16,6,0,0
24666,o17,1,0,0
24666,o17,2,0,0
24666,o17,3,0,0
24666,o17,4,0,0
24666,o17,5,0,0
24666,o17,6,0,0
24666,o18,1,0,0
24666,o18,2,0,0
24666,o18,3,0,0
24666,o18,4,0,0
24666,o18,5,0,0
24666,o18,6,0,0
24666,o19,1,0,0
24666,o19,2,0,0
24666,o19,3,0,0
24666,o19,4,0,0
24666,o19,5,0,0
24666,o19,6,0,0
24666,o20,1,0,0
24666,o20,2,0,0
24666,o20,3,0,0
24666,o20,4,0,0
24666,o20,5,0,0
24666,o20,6,0,0
24666,o21,1,0,0
24666,o21,2,0,0
24666,o21,3,0,0
24666,o21,4,0,0
24666,o21,5,0,0
24666,o21,6,0,0
24666,o22,1,0,0
24666,o22,2,0,0
24666,o22,3,0,0
24666,o22,4,0,0
24666,o22,5,0,0
24666,o22,6,0,0
24666,o23,1,0,0
24666,o23,2,0,0
24666,o23,3,0,0
24666,o23,4,0,0
24666,o23,5,0,0
24666,o23,6,0,0
24666,o24,1,0,0
24666,o24,2,1,0
24666,o24,3,1,0
24666,o24,4,0,0
24666,o24,5,0,0
24666,o24,6,1,0
24666,p01,1,0,0
24666,p01,2,0,0
24666,p01,3,0,0
24666,p01,4,0,0
24666,p01,5,0,0
24666,p01,6,0,0
24666,p02,1,0,0
24666,p02,2,0,0
24666,p02,3,0,0
24666,p02,4,0,0
24666,p02,5,0,0
24666,p02,6,0,0
24666,p03,1,0,0
24666,p03,2,0,0
24666,p03,3,0,0
24666,p03,4,0,0
24666,p03,5,0,0
24666,p03,6,0,0
24666,p04,1,0,0
24666,p04,2,0,0
24666,p04,3,0,0
24666,p04,4,0,0
24666,p04,5,0,0
24666,p04,6,0,0
24666,p05,1,0,0
24666,p05,2,0,0
24666,p05,3,0,0
24666,p05,4,0,0
24666,p05,5,0,0
24666,p05,6,0,0
24666,p06,1,0,0
24666,p06,2,0,0
24666,p06,3,0,0
24666,p06,4,0,0
24666,p06,5,0,0
24666,p06,6,0,0
24666,p07,1,0,0
24666,p07,2,0,0
24666,p07,3,0,0
24666,p07,4,0,0
24666,p07,5,0,0
24666,p07,6,0,0
24666,p08,1,0,0
24666,p08,2,0,0
24666,p08,3,0,0
24666,p08,4,0,0
24666,p08,5,0,0
24666,p08,6,0,0
24666,p09,1,0,0
24666,p09,2,0,0
24666,p09,3,0,0
24666,p09,4,0,0
24666,p09,5,0,0
24666,p09,6,0,0
24666,p10,1,0,0
24666,p10,2,0,0
24666,p10,3,0,0
24666,p10,4,0,0
24666,p10,5,0,0
24666,p10,6,0,0
24666,p11,1,0,0
24666,p11,2,0,0
24666,p11,3,1,0
24666,p11,4,0,0
24666,p11,5,0,0
24666,p11,6,0,0
24666,p12,1,0,0
24666,p12,2,0,0
24666,p12,3,0,0
24666,p12,4,0,0
24666,p12,5,0,0
24666,p12,6,0,0
24666,p13,1,0,0
24666,p13,2,0,0
24666,p13,3,0,0
24666,p13,4,0,0
24666,p13,5,0,0
24666,p13,6,0,0
24666,p14,1,0,0
24666,p14,2,0,0
24666,p14,3,0,0
24666,p14,4,0,0
24666,p14,5,0,0
24666,p14,6,0,0
24666,p15,1,0,0
24666,p15,2,0,0
24666,p15,3,0,0
24666,p15,4,0,0
24666,p15,5,0,0
24666,p15,6,0,0
24666,p16,1,0,0
24666,p16,2,0,0
24666,p16,3,0,0
24666,p16,4,0,0
24666,p16,5,0,0
24666,p16,6,0,0
24666,p17,1,0,0
24666,p17,2,0,0
24666,p17,3,0,0
24666,p17,4,0,0
24666,p17,5,0,0
24666,p17,6,0,0
24666,p18,1,0,0
24666,p18,2,0,0
24666,p18,3,0,0
24666,p18,4,0,0
24666,p18,5,0,0
24666,p18,6,0,0
24666,p19,1,0,0
24666,p19,2,0,0
24666,p19,3,0,0
24666,p19,4,0,0
24666,p19,5,0,0
24666,p19,6,0,0
24666,p20,1,0,0
24666,p20,2,0,0
24666,p20,3,0,0
24666,p20,4,0,0
24666,p20,5,0,0
24666,p20,6,0,0
24666,p21,1,0,0
24666,p21,2,0,0
24666,p21,3,0,0
24666,p21,4,0,0
24666,p21,5,0,0
24666,p21,6,0,0
24666,p22,1,0,0
24666,p22,2,0,0
24666,p22,3,0,0
24666,p22,4,0,0
24666,p22,5,0,0
24666,p22,6,0,0
24666,p23,1,0,0
24666,p23,2,0,0
24666,p23,3,0,0
24666,p23,4,0,0
24666,p23,5,0,0
24666,p23,6,0,0
24666,p24,1,0,0
24666,p24,2,0,0
24666,p24,3,0,0
24666,p24,4,0,0
24666,p24,5,0,0
24666,p24,6,0,0
